doi,key,title,year,month,day,journal,issn,volume,issue,pages,authors,url,language,publisher,location,abstract,notes,keywords,pubmed_id,pmc_id,primary_screener,secondary_screener
10.1007/s00265-020-02836-x,rayyan-471509424,"Taxis bold as love: the influence of aggressive calls on acoustic attraction of female gray treefrogs, Hyla versicolor",2020,4,NA,BEHAVIORAL ECOLOGY AND SOCIOBIOLOGY,0340-5443,74,5,NA,"Schwartz, Joshua J. and Mazie, Alena Al-Bochi",NA,NA,NA,NA,"We studied female phonotaxis in gray treefrogs to learn how male aggressive calling influences female choice of a mate from the perspective of the aggressive signaler and his male target. Although aggressive calls on their own attracted some females, when allowed to choose, all females preferred advertisement calls to aggressive calls. We wanted to ascertain also whether such calls could reduce the attractiveness of a nearby advertising male relative to an advertising male that was not close to a male giving aggressive calls. If so, it would be a good reason for a male to move away from a male giving aggressive calls. We found that females were indifferent to aggressive calls which were broadcast following and adjacent to a source of advertisement calls when the choice alternative was a more distant source of advertisement calls. However, this was not always the case when aggressive calls and advertisement calls overlapped. Angular separation from a source of overlapping aggressive calls did not improve the attractiveness of advertisement calls relative to advertisement calls adjacent to a source of such aggressive calls. In a final test, we simulated an aggressive exchange with a winner and a retreating loser. Females allowed to eavesdrop failed to discriminate. Thus, there may be no cost to moving away and a potential gain in terms of reduced acoustic interference. Significance statement Loud calls or physical intrusions by conspecific males may cause male frogs to give aggressive calls. Although acoustic features of aggressive vocalizations may be well-described, we are largely ignorant of their utility and potential costs to producing and nearby males. We investigated whether the production of aggressive calls would compromise the attractiveness of male gray treefrogs to potential mates. Choruses of frogs may be especially suitable venues for eavesdropping, a phenomenon also ripe for investigation. Accordingly, we tested whether females exposed to simulated aggressive vocal exchanges would discriminate in favor of putative winners. We found that aggressive calling can reduce the signaler's attractiveness but, lacking acoustic interference, not that of a neighbor. Females failed to discriminate between a simulated retreating loser and winner suggesting that such outcomes are irrelevant to females or that their ability to eavesdrop is limited. | WoS_03_DaviesEtAlOriginalRayyanFormatted.csv",NA,NA,NA,NA,Erick,Eduardo
10.1098/rstb.2019.0261,rayyan-471521511,Olfaction scaffolds the developing human from neonate to adolescent and beyond,2020,NA,NA,Philosophical Transactions of the Royal Society B: Biological Sciences,NA,375,1800,NA,"Schaal, Benoist and Saxton, Tamsin K. and Loos, Helene M. and Soussignan, Robert G. and Durand, Karine",https://www.scopus.com/inward/record.uri?eid=2-s2.0-85084786731&doi=10.1098%2Frstb.2019.0261&partnerID=40&md5=0b822604215a8ea979f6686417936d62,NA,NA,NA,"The impact of the olfactory sense is regularly apparent across development. The fetus is bathed in amniotic fluid (AF) that conveys the mother’s chemical ecology. Transnatal olfactory continuity between the odours of AF and milk assists in the transition to nursing. At the same time, odours emanating from the mammary areas provoke appetitive responses in newborns. Odours experienced from the mother’s diet during breastfeeding, and from practices such as pre-mastication, may assist in the dietary transition at weaning. In parallel, infants are attracted to and recognize their mother’s odours; later, children are able to recognize other kin and peers based on their odours. Familiar odours, such as those of the mother, regulate the child’s emotions, and scaffold perception and learning through non-olfactory senses. During juvenility and adolescence, individuals become more sensitive to some bodily odours, while the timing of adolescence itself has been speculated to draw from the chemical ecology of the family unit. Odours learnt early in life and within the family niche continue to influence preferences as mate choice becomes relevant. Olfaction thus appears significant in turning on, sustaining and, in cases when mother odour is altered, disturbing adaptive reciprocity between offspring and carer during the multiple transitions of development between birth and adolescence. This article is part of the Theo Murphy meeting issue ‘Olfactory communication in humans’. © 2020 The Author(s) Published by the Royal Society. All rights reserved. | SCO_04_DaviesEtAlOriginalRayyanFormatted.csv; WoS_03_DaviesEtAlOriginalRayyanFormatted.csv",Cited by: 87; All Open Access; Green Accepted Open Access; Green Open Access,adolescence; breastfeeding; chemical cue; chemical ecology; diet; human development index; olfact...;Biological; Adolescent; Adult; Aged; Aged;80 and over; Child; Child;Preschool; Female; Humans; Infant; Infant;Newborn; Male; Middle Aged; Nonverbal Communication; Odorants; Olfactory Perception; Parent-Child...,NA,NA,Erick,Eduardo
10.3389/fvets.2019.00062,rayyan-471521566,Sociality and wild animal welfare: Future directions,2019,NA,NA,Frontiers in Veterinary Science,NA,6,NA,NA,"Brakes, Philippa",https://www.scopus.com/inward/record.uri?eid=2-s2.0-85065449567&doi=10.3389%2Ffvets.2019.00062&partnerID=40&md5=c7f9733cec81470a81f760d71c85a36c,NA,NA,NA,"Emergent evidence of aspects of sociality, such as social structure and social learning, across many vertebrate taxa, warrant more detailed consideration of their influence on welfare outcomes for wildlife. Sociality can be dynamic across organismal development, it can: provide protection through safety in numbers; may influence breeding outcomes via mate choice and alloparental care; can influence foraging success through transmission of social information and co-operation; and it can provide opportunities for the spread of novel behavior. Social learning itself provides an important mechanism for resilience in changing environments, but also has the potential to increase vulnerability or facilitate the spread of maladaptive behaviors. The welfare consequences of vertebrates living in social groups are explored using Wilson's 10 qualities of sociality as a framework, and the implications of human activities are discussed. Focus to date has been on the importance of social networks for the welfare of farmed or captive animals. Here I consider the importance of social networks and sociality more generally for the welfare of wildlife and explore Mellor's five domain model for animal welfare within the context of wildlife sociality. © 2019 Brakes. | SCO_04_DaviesEtAlOriginalRayyanFormatted.csv; WoS_03_DaviesEtAlOriginalRayyanFormatted.csv",Cited by: 22; All Open Access; Gold Open Access; Green Accepted Open Access; Green Open Access,animal welfare; cognition; cultural anthropology; human; nonhuman; Review; risk assessment; socia...,NA,NA,Erick,Eduardo
10.1093/evolut/qpae110,rayyan-471509627,Asymmetric mate preference and reproductive interference mediate climate-induced changes in mate availability in a small mammal hybrid zone,2024,8,NA,EVOLUTION,0014-3820,78,11,1818-1830,"Matocq, Marjorie D. and Hunter, Elizabeth A. and Murphy, Peter J. and Adkins, Casey L. and Shoemaker, Kevin T.",NA,NA,NA,NA,"Range expansion and contraction are among the most common biotic responses to changing environmental conditions, yet much is to be learned about the mechanisms that underlie range-edge population dynamics, especially when those areas are points of secondary contact between closely related species. Here, we present field-measured parentage data that document the reproductive outcomes of changes in mate availability at a secondary contact zone between two species of woodrat in the genus Neotoma. Changes in mate availability resulted from drought-driven differential survival between the species and their hybrids. As the availability of conspecific mates declined, rates of hybridization increased, leading to the accumulation of admixed individuals in the zone of contact. Patterns of reproductive success in the wild appear to be the result of a combination of both pre-mating isolation and post-zygotic selection resulting from genomic incompatibilities between the parental lineages. Evidence of asymmetric mate preference between the parental lineages came from both skewed reproductive output in the field and laboratory preference trials. Moreover, partial genomic incompatibility was evident from the near-zero reproductive success of F1 males and because nearly all surviving hybrids had one pure parent. Nonetheless, the high reproductive success of F1 females and backcrossing in both parental directions allow for introgression between the parental species. These findings reveal how climate change may alter evolutionary outcomes for species at the edge of their ranges through an interplay of behavioral, demographic, and genetic mechanisms. Species distributional ranges are shifting in response to changing climate conditions, sometimes leading to augmented interspecific mating opportunities. This study presents laboratory behavioral trials and field-measured reproductive success to identify pre- and post-mating isolating mechanisms that determine the genomic and evolutionary consequences of climate-induced changes in mate availability. Our laboratory behavioral trials show strong asymmetry in mate preference with the females of the smaller-bodied species showing stronger preference for conspecific males, while females of the larger-bodied species are more equivocal. Our field-measured patterns of reproductive output are consistent with the asymmetric expectations of the behavioral trials. In addition to mate selection, genomic incompatibilities between the parental lineages also determine reproductive output in the wild because F1 males rarely sire offspring and nearly all surviving hybrids have one pure parent. By combining field and laboratory studies, we show that both pre- and post-mating selection determine the outcomes of climate-driven changes in mate availability in this range-edge hybrid zone. | WoS_03_DaviesEtAlOriginalRayyanFormatted.csv",NA,NA,NA,NA,Erick,Eduardo
10.2326/osj.19.3,rayyan-471521520,Biased Learning of Sexual Signals by Female Bengalese Finches,2020,NA,NA,Ornithological Science,NA,19,1,3 - 14,"Caspani, Giorgia and Fujii, Tomoko G. and Mizuhara, Tomoko and Gilman, Robert Tucker and Okanoya, Kazuo",https://www.scopus.com/inward/record.uri?eid=2-s2.0-85078954733&doi=10.2326%2Fosj.19.3&partnerID=40&md5=168fc55d11fdc2348d459ce3cca738dd,NA,NA,NA,"Peak shift in mate preference learning can be a driver of rapid repeated speciation. Therefore, clades that have undergone recent adaptive radiations are predicted to show biased learning of signals from the opposite sex. The estrildid finches are one such clade. In species including the Zebra Finch Taeniopygia guttata and the Bengalese Finch Lonchura striata var. domestica, females choose mates in part based on their songs. Consistent with theory, female Zebra Finches show peak shift in their learned response to male song characteristics. We used operant conditioning to train female Bengalese Finches to respond to songs with trills of one length and to ignore songs with trills of another length. Then, we exposed those females to songs with a range of trill lengths, and we observed their responses. We found that at least some Bengalese Finches also show behaviour consistent with peak shift in their response to male songs. Moreover, females evaluated songs relative to other songs they had recently heard. Our results suggest that females respond to male sexual signals with bias in multiple species in the rapidly speciating estrildid clade. © The Ornithological Society of Japan 2020. | SCO_04_DaviesEtAlOriginalRayyanFormatted.csv; WoS_03_DaviesEtAlOriginalRayyanFormatted.csv",Cited by: 1; All Open Access; Gold Open Access,NA,NA,NA,Erick,Eduardo
10.1098/rstb.2024.0130,rayyan-471509351,Fishy culture in a changing world,2025,5,NA,PHILOSOPHICAL TRANSACTIONS OF THE ROYAL SOCIETY B-BIOLOGICAL SCIENCES,0962-8436,380,1925,NA,"Brown, Culum and Webster, Michael",NA,NA,NA,NA,"Animal cultures have been recognized by researchers since the mid-twentieth century, with research interest growing over the past few decades. Recently, we have realized that animal cultures have important ecological consequences, shaping mating preferences, adaptation to urban environments and the persistence of migration routes. The study of culture therefore transcends traditional, curiosity-driven research; it has real-world conservation relevance. This review centres on culture in fishes and its intersection with conservation. Culture depends upon social learning, and a large literature establishes that fishes exhibit social learning in a diverse range of contexts. Moreover, laboratory experiments demonstrate a capacity for culture in fishes, while studies of wild populations provide evidence of natural cultures, specifically the maintenance of traditional migration routes in some reef fishes. Here, we argue that such cultures are likely more widespread but overlooked and should be the target of wider research interest and conservation effort. We also argue that there is greater scope to leverage findings from laboratory studies of fish cultural transmission to better equip reintroduced fish stocks with behaviours that might enhance post-release survival. Fish cultures warrant investigation in their own right and have the potential to inform how we understand and conserve animal cultures more widely.This article is part of the theme issue `Animal culture: conservation in a changing world'. | WoS_03_DaviesEtAlOriginalRayyanFormatted.csv",NA,NA,NA,NA,Erick,Eduardo
10.1016/j.anbehav.2021.04.007,rayyan-471521477,Mate choice copying in Drosophila is probably less robust than previously suggested,2021,NA,NA,Animal Behaviour,NA,176,NA,175 - 183,"Belkina, Elena G. and Shiglik, Alexander and Sopilko, Natalia G. and Lysenkov, S. N. and Markov, Alexander V.",https://www.scopus.com/inward/record.uri?eid=2-s2.0-85106243092&doi=10.1016%2Fj.anbehav.2021.04.007&partnerID=40&md5=606b8e39552286762a205360e0573615,NA,NA,NA,"Female mate choice copying is a form of social learning wherein females preferentially mate with partners similar to those they had previously observed mating with other females. The phenomenon is well established in many vertebrate species and some arthropods. Among insects, only one species, the fruit fly Drosophila melanogaster, has been shown to perform female mate choice copying under experimental conditions using two artificial male phenotypes (males dusted with powders of different colours). Moreover, this species has been shown to be capable of maintaining mate choice traditions, at least in laboratory conditions. In the present study, however, we failed to obtain unambiguous support for the claim that virgin female Drosophila (‘observers’) tend to prefer males of the same artificial phenotype as that chosen by another female (‘demonstrator’). The discrepancy is probably because our experiments differed in a number of seemingly minor details from the published experimental procedures. The results indicate that female mate choice copying in Drosophila is probably less robust than the present body of literature suggests, and that more research is needed to assess the prevalence of this phenomenon in different laboratory lines and natural populations of fruit flies. © 2021 The Association for the Study of Animal Behaviour | SCO_04_DaviesEtAlOriginalRayyanFormatted.csv; WoS_01_JonesDuvalOriginalRayyanFormatted.csv; WoS_03_DaviesEtAlOriginalRayyanFormatted.csv",Cited by: 8,arthropod; fly; laboratory method; mate choice; phenotype; Arthropoda; Drosophila melanogaster; H...,NA,NA,Erick,Eduardo
10.1016/j.anbehav.2023.08.004,rayyan-471507814,Considering temporal variations in mating opportunities: consequences for sexual selection estimates,2023,10,NA,ANIMAL BEHAVIOUR,0003-3472,204,NA,49-65,"Daupagne, Lea and Bouchard, Colin and Michaud, Anne and Dhamelincourt, Marius and Lasne, Emilien and Tentelier, Cedric",NA,NA,NA,NA,"The strength of precopulatory sexual selection may vary within a breeding season depending on fluc-tuations in the social environment faced by active individuals. Here, we investigated within-season variations in precopulatory sexual selection in the river lamprey, Lampetra fluviatilis. We determined individual lifetime mating success in a group of 20 females and 15 males through constant video recording in an experimental aquarium. Among each sex, we calculated the potential strength of sexual selection and selection on identified traits (body size and temporal spawning patterns) at two different timescales: a fine-grained scale in which we considered mating events at daily time steps and a global scale in which we pooled all mating events that occurred during the breeding season. We found a predictable change in the operational sex ratio that corresponded with a change in the opportunity for sexual selection in males. Selection on both male and female body size was stronger when active competitors were larger. In addition, the timing (onset and span) of both the male's and the female's reproductive activity affected the number of matings performed over the season with a strength dependent on individual body size. Overall, our study documented that river lampreys experience within-season changes in precopulatory sexual selection. Such temporal dynamics are important to consider, and we advocate for longitudinal observation of mating behaviour to complement traditional time-integrated estimation of mating success based on genetic parentage analysis or cross-sectional analysis. \& COPY; 2023 The Association for the Study of Animal Behaviour. Published by Elsevier Ltd. All rights reserved. | WoS_01_JonesDuvalOriginalRayyanFormatted.csv; WoS_03_DaviesEtAlOriginalRayyanFormatted.csv",NA,NA,NA,NA,Erick,Eduardo
10.1016/j.yhbeh.2020.104873,rayyan-471521491,Differential effects of progesterone on social recognition and the avoidance of pathogen threat by female mice,2021,NA,NA,Hormones and Behavior,NA,127,NA,NA,"Kavaliers, Martin and Bishnoi, Indra R. and Ossenkopp, Klaus Peter and Choleris, Elena",https://www.scopus.com/inward/record.uri?eid=2-s2.0-85092934321&doi=10.1016%2Fj.yhbeh.2020.104873&partnerID=40&md5=0ce87823c9ccaf3f3626ba17c8c19080,NA,NA,NA,"Although pathogen threat affects social and sexual responses across species, relatively little is known about the underlying neuroendocrine mechanisms. Progesterone has been speculated to be involved in the mediation of pathogen disgust in women, though with mixed experimental support. Here we considered the effects of acute progesterone on the disgust-like avoidance responses of female mice to pathogen threat. Estrous female mice discriminated and avoided the urinary and associated odors of males subclinically infected with the murine nematode parasite, Heligmosomoides polygyrus. These avoidance responses were not significantly affected by pre-treatment with progesterone. Likewise, brief (1 min) exposure to the odors of infected males attenuated the subsequent responses of females to the odors of the normally preferred unfamiliar males and enhanced their preferences for familiar males. Neither progesterone nor allopregnanolone, a central neurosteroid metabolite of progesterone, had any significant effects on the avoidance of unfamiliar males elicited by pre-exposure to a parasitized male. Progesterone and allopregnanolone, did, however, significantly attenuate the typical preferences of estrous females for unfamiliar uninfected males, suggestive of effects on social recognition. These findings with mice indicate that progesterone may have minimal effects on the responses to specific parasite threat and the expression of pathogen disgust but may influence more general social recognition and preferences. © 2020 Elsevier Inc. | SCO_04_DaviesEtAlOriginalRayyanFormatted.csv",Cited by: 17,brexanolone; progesterone; fragrance; animal experiment; Article; chemical cue; controlled study;...;Outbred Strains; Avoidance Learning; Disgust; Estrus; Female; Male; Mice; Nematospiroides dubius;...;Psychology; Sexual Behavior;Animal; Strongylida Infections,NA,NA,Erick,Eduardo
10.3390/bs15101324,rayyan-471521384,"Financial Status of Model, Target, and Observer Modulates Mate Choice Copying and the Mediating Effect of Personality",2025,NA,NA,Behavioral Sciences,NA,15,10,NA,"Zhou, Guomei and Ma, Shaxiao and Wu, Di",https://www.scopus.com/inward/record.uri?eid=2-s2.0-105020244386&doi=10.3390%2Fbs15101324&partnerID=40&md5=00f2a37b30516bf94c3d5ec8e32631f5,NA,NA,NA,"This study investigates the phenomenon of mate choice copying, wherein an individual (the observer) utilizes the assessments of peers of the same sex (the models) regarding a potential partner of the opposite sex (the target), thereby emulating the mate selection preferences of those peers. We examine how the financial status of female models, male targets, and female observers influences mate choice copying, along with the underlying social learning mechanisms. The findings reveal that mate choice copying occurs in the presence of high-financial-status models but is absent when models have low financial status. Mate choice copying, regulated by the financial status of the models, only manifests with targets of low financial status; it does not occur when the target’s financial status is high. Observers with low financial status engage in mate choice copying, irrespective of the models’ financial status. In contrast, observers with high financial status are unaffected by models with a low financial status and only exhibit mate choice copying if the models possess high financial status. Moreover, the study indicates that mediators such as personality traits exert disparate influences on the mate choice copying of observers from different economic backgrounds, suggesting the operation of distinct social learning mechanisms. © 2025 by the authors. | SCO_04_DaviesEtAlOriginalRayyanFormatted.csv; WoS_01_JonesDuvalOriginalRayyanFormatted.csv; WoS_03_DaviesEtAlOriginalRayyanFormatted.csv",Cited by: 1; All Open Access; Gold Open Access; Green Accepted Open Access; Green Open Access,adult; aged; article; controlled study; female; human; intelligence; intravenous drug administrat...,NA,NA,Erick,Eduardo
10.16719/j.cnki.1671-6981.20210424,rayyan-471521475,Love the Love of Other Men: Male’s Mate-Choice Copying under the Activation of Mating Motives; 君子不夺人所好？择偶动机启动下的男性择偶复制,2021,NA,NA,Journal of Psychological Science,NA,44,4,940 - 946,"Chen, Yunyun and Wang, Yuying and Guo, Sen and Zhang, Yajing and Yan, Bihua",https://www.scopus.com/inward/record.uri?eid=2-s2.0-105019808805&doi=10.16719%2Fj.cnki.1671-6981.20210424&partnerID=40&md5=7d9f7061aeb3dffa54e2beac5168192a,NA,NA,NA,"A lot of studies find that females, including non-human females, do not select male partners independently. This phenomenon is termed as mate-choice copying. Mate-choice copying refers to the phenomenon that the probability of a target partner being chosen or rejected is influenced by the attitudes of other persons of the same sex. Therefore, mate-choice copying is considered to be a non-independent form of mate selection strategy, which is affected by the additional information provided by individuals of the same sex in the process of sexual selection. This method is useful to reduce the loss caused by poor mate selection when information is limited, and it can also save a lot of time and energy during mate selection. However, previous studies disagree about whether males’ mate-choice copying would occur. Mating motive is a psychological ideology, in which an individual wants to establish an intimate relationship with the partner of the opposite sex. The activation of mating motive can change people's behavioral decisions. For example, when males’ mating motives are activated, they will show more competitive behaviors, lower risk aversion behaviors, and more risk-taking behaviors. At the same time, the activation of mating motives also strengthens males’ attentional biases to highly attractive females’ faces. Therefore, the present study mainly focused on the influence of mating motive and the levels of facial attraction of a potential partner on the occurrence of mate-choice copying of males. Experiment 1 aimed to investigate whether the mating motives were activated or not would have different influences on the mate-choice copying between different sexes. Experiment 2 was designed to explore the effects of the different levels of female facial attraction and activation of mating motive on males’ mate-choice copying. The results show as follows: (1) Females’ mate-choices are usually influenced by the attitudes of others from the same sex group, regardless whether their mating motives are activated. However, males’ mate-choices are often independent of other males’ choices when their mating motives are not activated. (2) When mating motives are activated, males’ mate-choice is more susceptible to the influence of other male’s attitudes. They will choose the female selected by other males, and reject the female rejected by other males. However, this influence of other males’ attitudes in such case on males’ mate-choices is limited to the situation when facial attraction of female is in low and middle level. When the potential spouse or girlfriend’s facial attraction is in high level, even though males’ mating motives are activated, they are still attracted by the highly attractive female regardless of other males’ attitudes. Our results provide a new explanation for the disputes about the differences of mate-choice copying between different genders. In detail, there is mate-choice copying with females’ mate-choices for the needs of rapid decision and risk reduction of sexual selection. However, males’ mate-choice copying is usually dependent on complicated factors. The effects of mating motive activation on male’s and female’s mate-choice copying, and the modulating effect of females’ facial attraction on males’ mate-choice copying were discussed. © 2021 Chinese Psycholocial Society. All rights reserved. | SCO_04_DaviesEtAlOriginalRayyanFormatted.csv",Cited by: 0,NA,NA,NA,Erick,Eduardo
10.1126/science.aaw8012,rayyan-471507485,Comment on ``Cultural flies: Conformist social learning in fruitflies predicts long-lasting mate-choice traditions{''},2019,10,NA,SCIENCE,0036-8075,366,6462,NA,"Thornquist, Stephen C. and Crickmore, Michael A.",NA,NA,NA,NA,"The claims of Danchin et al. (Research Articles, 30 November 2018, p. 1025) regarding long-lasting mate preference based on conformity may result from systematic experimental error. Even if mate copying were a genuine phenomenon, it is unlikely to result in persisting culture in the wild. | SCO_04_DaviesEtAlOriginalRayyanFormatted.csv; WoS_01_JonesDuvalOriginalRayyanFormatted.csv; WoS_03_DaviesEtAlOriginalRayyanFormatted.csv",NA,NA,NA,NA,Erick,Eduardo
10.1007/s10164-025-00876-2,rayyan-471521374,Number matters: effect of the number of models on mate-choice copying in female guppies,2026,NA,NA,Journal of Ethology,NA,44,1,105 - 112,"Kobayashi, Chinatsu and Karino, Kenji",https://www.scopus.com/inward/record.uri?eid=2-s2.0-105021404869&doi=10.1007%2Fs10164-025-00876-2&partnerID=40&md5=d38140c39b3b4705a9a5d77fddae84a6,NA,NA,NA,"Females of some animals often imitate mate choices of other females (models), which is called mate-choice copying. It can be predicted that many models provide the accurate information regarding better mates for mate-choice copying. In this study, we examined the effect of the number of model females on mate-choice copying in female guppies Poecilia reticulata. The first mate preference trial between the two males showed the original mate preference of the females. After the simultaneous presentation of different number of model females near the two males, the second trial was conducted to test mate-choice copying. The females reversed their mate preferences in the second trial and spent longer time with nonpreferred males in the first trial when they were close to one model than with preferred males that were close to no model, or two or three models. However, the females did not reverse their preferences after the presentation of three models near nonpreferred males and one model near preferred males. These results suggest that the optimal number of model females for mate-choice copying may be a single model, that is, simultaneous presentation of multiple models may suppress mate-choice copying, unlike previous studies using sequential presentation of multiple models. © The Author(s) under exclusive licence to Japan Ethological Society 2025. | SCO_04_DaviesEtAlOriginalRayyanFormatted.csv; WoS_01_JonesDuvalOriginalRayyanFormatted.csv; WoS_03_DaviesEtAlOriginalRayyanFormatted.csv",Cited by: 0,NA,NA,NA,Erick,Eduardo
10.3389/fevo.2018.00225,rayyan-471521548,"The role of learning on insect and spider sexual behaviors, sexual trait evolution, and speciation",2019,NA,NA,Frontiers in Ecology and Evolution,NA,6,NA,NA,"Dion, Emilie and Monteiro, Antónia F. and Nieberding, Caroline Marie",https://www.scopus.com/inward/record.uri?eid=2-s2.0-85060368022&doi=10.3389%2Ffevo.2018.00225&partnerID=40&md5=266c407445cc8f7c717fd96c484581a6,NA,NA,NA,"We review experimental and theoretical evidence that learning in insects and spiders affects the expression of mate preferences and of sexual signals, the evolution of both traits, and ultimately patterns of assortative mating, and speciation. Both males and females can modify their sexual preferences and signaling based on previous social interactions or the experience of visual, olfactory, gustatory, or auditory signals. Learning takes place during an early life exposure, previous personal sexual experiences or by observing the choices of others, and it can occur sometimes via very short (a few seconds) exposures to individuals or signals. We briefly review some of the molecular mechanisms that mediate learning in insects, as well as theoretical work that assesses how learning impacts the evolution of insect sexual traits and speciation. We suggest that future research should attempt to provide evidence of the adaptive nature of learning, which remains scarce in insects as well as in vertebrates, and explore further the mechanisms of learning in order to probe into their possible transgenerational inheritance. Future studies should also model how this process might further affect the evolution of sexual traits, and provide a unifying terminology for the underlying mechanisms of learning across diverse life-history contexts. © 2019 Dion, Monteiro and Nieberding. | SCO_04_DaviesEtAlOriginalRayyanFormatted.csv; WoS_03_DaviesEtAlOriginalRayyanFormatted.csv",Cited by: 33; All Open Access; Gold Open Access; Green Accepted Open Access; Green Open Access,NA,NA,NA,Erick,Eduardo
10.3389/fnins.2023.1201345,rayyan-471521434,"Maternal neglect alters reward-anticipatory behavior, social status stability, and reward circuit activation in adult male rats",2023,NA,NA,Frontiers in Neuroscience,NA,17,NA,NA,"Ryakiotakis, Ermis and Fousfouka, Dimitra and Stamatakis, Antonios",https://www.scopus.com/inward/record.uri?eid=2-s2.0-85166410078&doi=10.3389%2Ffnins.2023.1201345&partnerID=40&md5=4e6a59da15bca5dcc3a3b70a864f1584,NA,NA,NA,"Introduction: Adverse early life experiences affect neuronal growth and maturation of reward circuits that modify behavior under reward predicting conditions. Previous studies demonstrate that rats undergoing denial of expected reward in the form of maternal contact (DER-animal model of maternal neglect) during early post-natal life developed anhedonia, aggressive play-fight behaviors and aberrant prefrontal cortex structure and neurochemistry. Although many studies revealed social deficiency following early-life stress most reports focus on individual animal tasks. Thus, attention needs to be given on the social effects during group tasks in animals afflicted by early life adversity. Methods: To investigate the potential impact of the DER experience on the manifestation of behavioral responses induced by natural rewards, we evaluated: 1) naïve adult male sexual preference and performance, and 2) anticipatory behavior during a group 2-phase food anticipation learning task composed of a context-dependent and a cue-dependent learning period. Results: DER rats efficiently spent time in the vicinity of and initiated sexual intercourse with receptive females suggesting an intact sexual reward motivation and consummation. Interestingly, during the context-dependent phase of food anticipation training DER rats displayed a modified exploratory activity and lower overall reward-context association. Moreover, during the cue-dependent phase DER rats displayed a mild deficit in context-reward association while increased cue-dependent locomotion. Additionally, DER rats displayed unstable food access priority following food presentation. These abnormal behaviours were accompanied by overactivation of the ventral prefrontal cortex and nucleus accumbens, as assessed by pCREB levels. Conclusions/discussion: Collectively, these data show that the neonatal DER experience resulted in adulthood in altered activation of the reward circuitry, interfered with the normal formation of context-reward associations, and disrupted normal reward access hierarchy formation. These findings provide additional evidence to the deleterious effects of early life adversity on reward system, social hierarchy formation, and brain function. © © 2023 Ryakiotakis, Fousfouka and Stamatakis. | SCO_04_DaviesEtAlOriginalRayyanFormatted.csv",Cited by: 5; All Open Access; Gold Open Access; Green Accepted Open Access; Green Open Access,cyclic AMP responsive element binding protein; abnormal behavior; adult; animal experiment; anima...,NA,NA,Erick,Eduardo
10.1111/brv.13115,rayyan-471509620,Evolutionary biology of social expertise,2024,12,NA,BIOLOGICAL REVIEWS,1464-7931,99,6,2176-2189,"Dukas, Reuven and Bailey, Nathan W.",NA,NA,NA,NA,"There is increasing evidence that competent handling of social interactions among conspecifics has positive effects on individual fitness. While individual variation in social competence has been appreciated, the role of long-term experience in the acquisition of superior social skills has received less attention. With the goal of promoting further research, we integrate knowledge across disciplines to assess social expertise, defined as the characteristics, skills and knowledge allowing individuals with extensive social experience to perform significantly better than novices on a given social task. We focus on three categories of social behaviour. First, animals can gain from adjusting social behaviour towards individually recognised conspecifics that they interact with on a regular basis. For example, there is evidence that some territorial animals individually recognise their neighbours and modify their social interactions based on experience with each neighbour. Similarly, individuals in group-living species learn to associate with specific group members based on their expected benefits from such social connections. Individuals have also been found to devote considerable time and effort to learning about the spatial location and timing of sexual receptivity of opposite-sex neighbours to optimise reproduction. Second, signallers can enhance their signals, and receivers can refine their response to signals with experience. In many birds and insects, individuals can produce more consistent signals with experience, and females across a wide taxonomic range can adaptively adjust mating preferences after perceiving distinct male signals. Third, in many species, individuals that succeed in reproducing encounter the novel, complex task of caring for vulnerable offspring. Evidence from a few species of mammals indicates that mothers improve in providing for and protecting their young over successive broods. Finally, for social expertise to evolve, heritable variation in social expertise has to be positively associated with fitness. Heritable variation has been shown in traits contributing to social expertise including social attention, empathy, individual recognition and maternal care. There are currently limited data associating social expertise with fitness, most likely owing to sparse research effort. Exceptions include maternal care, signal refinement, and familiarity with neighbours and group members. Overall, there is evidence that individuals in many species keep refining their social skills with experience throughout life. Hence we propose promising lines of research that can quantify more thoroughly the development of social expertise and its effects on fitness. | WoS_03_DaviesEtAlOriginalRayyanFormatted.csv",NA,NA,NA,NA,Erick,Eduardo
10.1093/beheco/arad031,rayyan-471509599,"A rapidly evolving cricket produces percussive vibrations: how, who, when, and why",2023,7,NA,BEHAVIORAL ECOLOGY,1045-2249,34,4,631-641,"Wikle, Aaron W. and Broder, E. Dale and Gallagher, James H. and Tinghitella, Robin M.",NA,NA,NA,NA,"Male Pacific field crickets recently evolved new songs to attract females while avoiding eavesdropping predators. We discovered that males also generate vibrations by drumming their legs during courtship singing. The males with new songs differ from ancestral males in how likely they are to drum both when they can and cannot sing (silenced). However, females do not appear to like drumming males. With this discovery we can learn about how different types of sexual communication coevolve. Sexual signals are often transmitted through multiple modalities (e.g., visual and chemical) and under selection from both intended and unintended receivers. Each component of a multimodal signal may be more or less conspicuous to receivers, and signals may evolve to take advantage of available private channels. We recently documented percussive substrate-borne vibrations in the Pacific field cricket (Teleogryllus oceanicus), a species that uses airborne acoustic and chemical signals to attract and secure mates. The airborne signals of Hawaiian T. oceanicus are currently undergoing rapid evolution; at least five novel male morphs have arisen in the past 20 years. Nothing is yet known about the newly discovered percussive substrate-borne vibrations, so we ask ``how{''} they are produced, ``who{''} produces them (e.g., population, morph), ``when{''} they produce them (e.g., whether they are plastic), and ``why{''} (e.g., do they play a role in mating). We show that the vibrations are produced exclusively by males during courtship via foreleg drumming. One novel morph, purring, produces quieter airborne songs and is more likely to drum than the ancestral morph. However, drumming behavior is also contextually plastic for some males; when we removed the ability of males to produce airborne song, ancestral males became more likely to drum, whereas two novel morphs were equally likely to drum regardless of their ability to produce song. Opposite our prediction, females were less likely to mate with males who drummed. We discuss why that might be and describe what we can learn about complex signal evolution from this newly discovered behavior. | WoS_03_DaviesEtAlOriginalRayyanFormatted.csv",NA,NA,NA,NA,Erick,Eduardo
10.1016/j.jos.2022.06.004,rayyan-471507642,Prevalence and radiological characteristics of the dislocation of the second metatarsophalangeal joint in patients undergoing hallux valgus surgery; a matched control study,2023,7,NA,JOURNAL OF ORTHOPAEDIC SCIENCE,0949-2658,28,4,853-859,"Okuda, Ryuzo and Yoshimura, Yukiko and Shima, Hiroaki",NA,NA,NA,NA,"Background: Hallux valgus (HV) is occasionally associated with chronic subluxation or dislocation (CS/D) of the second metatarsophalangeal joint (2MTPj). The present study aimed to radiographically investigate the prevalence and characteristics of HV with CS/D of the 2MTPj compared with matched controls. Methods: Dorsoplantar and lateral weight-bearing radiographs of 79 female patients (79 feet) who had HV with an age of 50 years or more were reviewed. All feet were treated with a proximal supination osteotomy for correction of HV. CS/D of the 2MTPj was evaluated on preoperative dorsoplantar and lateral radiographs. HV and intermetatarsal (IM) angles were measured. Seventy-nine feet were divided into two groups: Group CD (16 feet) had HV with CS/D of the 2MTPj, and Group non-CD had HV without the CS/D of the 2MTPj (63 feet). The severity of HV was divided into two grades according to the HV angle: moderate deformity (Group M, 36 feet, HV angle of less than 40 \& DEG;) and severe deformity (Group S, 43 feet, HV angle of 40 \& DEG; or greater). Group CD and non-CD, and Group M and S were matched by age, gender, and BMI. Results: The prevalence of CS/D of the 2MTPj was 20.3\%. Group CD had a significantly higher HV angle (p = 0.0001) and a significantly higher IM angle (p = 0.042) than Group non-CD. The prevalence of CS/D of the 2MTPj in Group S (34.9\%) were significantly higher than that in Group M (2.8\%) (p < 0.001). Conclusions: CS/D of the 2MTPj was significantly associated with greater HV and IM angles compared with matched controls. The prevalence of CS/D of the 2MTPj (34.9\%) in Group S was significantly higher than that in Group M. Severe HV can be at higher risk of acquiring CS/D of the 2MTPj in middle-aged and older females. \& COPY; 2022 The Japanese Orthopaedic Association. Published by Elsevier B.V. All rights reserved. | WoS_01_JonesDuvalOriginalRayyanFormatted.csv",NA,NA,NA,NA,Erick,Eduardo
10.1007/s40806-025-00451-5,rayyan-471521379,Do Human Life History Traits Predict Mate Choice Copying in Women?,2025,NA,NA,Evolutionary Psychological Science,NA,11,4,411 - 420,"Nikakhtar, Alireza and Zabihzadeha, Abbas and Monajem, Arash and Saadati, Mostafa",https://www.scopus.com/inward/record.uri?eid=2-s2.0-105019173976&doi=10.1007%2Fs40806-025-00451-5&partnerID=40&md5=4750d4f291096cec0f55908268beb746,NA,NA,NA,"Mate choice copying is a form of social learning in which an individual’s mate selection is influenced by the choices of same-sex peers, thereby altering the perceived attractiveness of a potential mate. This phenomenon is particularly prevalent among women in long-term mating contexts, where informational constraints may limit their ability to assess a mate’s value independently. Research suggests that women with a stronger preference for long-term relationships exhibit a greater tendency to engage in mate choice copying. This study explores whether women with slower life history traits, represented by a higher level of parenting, a lower level of mating, and slower developmental milestones, exhibit higher mate choice copying tendencies. Two hundred fourteen Iranian women, aged 18–45, completed an online survey comprising demographic questions, life history strategies, mating and parenting efforts, and early life stress indicators. Participants evaluated the attractiveness of potential mates from images accompanied by positive, negative, or neutral descriptions in both long-term and short-term contexts. Positive and negative descriptions increased and decreased attractiveness ratings compared with the neutral ones, respectively. Larger changes were observed in long-term versus short-term contexts. Parenting and mating efforts were significant predictors of mate choice copying in negative but not positive scenarios. Life history strategies mediated the relationship between early life conditions (parental investment and punishment) and mate choice copying in short-term negative contexts. Age at menarche was not associated with mate choice copying in any situation. This study partly supports the idea that human life history traits influence mate choice copying, with slow life history strategy women being more likely to rely on social information in partner choices. © The Author(s), under exclusive licence to Springer Nature Switzerland AG 2025. | SCO_04_DaviesEtAlOriginalRayyanFormatted.csv; WoS_01_JonesDuvalOriginalRayyanFormatted.csv; WoS_03_DaviesEtAlOriginalRayyanFormatted.csv",Cited by: 0,NA,NA,NA,Erick,Eduardo
10.1371/journal.pone.0243811,rayyan-471521489,Sex differences in the development and expression of a preference for familiar vocal signals in songbirds,2021,NA,NA,PLoS ONE,NA,16,1,NA,"Fujii, Tomoko G. and Ikebuchi, Maki and Okanoya, Kazuo",https://www.scopus.com/inward/record.uri?eid=2-s2.0-85100160859&doi=10.1371%2Fjournal.pone.0243811&partnerID=40&md5=5d8b46f34adbc19edff0aeb95efc445d,NA,NA,NA,"Production and perception of birdsong critically depends on early developmental experience. In species where singing is a sexually dimorphic trait, early life song experience may affect later behavior differently between sexes. It is known that both male and female songbirds acquire a life-long memory of early song experience, though its function remains unclear. In this study, we hypothesized that male and female birds express a preference for their fathers’ song, but do so differently depending on the developmental stage. We measured preference for their father’s song over an unfamiliar one in both male and female Bengalese finches at multiple time points across ontogeny, using phonotaxis and vocal response as indices of preference. We found that in males, selective approach to their father’s song decreased as they developed while in females, it remained stable regardless of age. This may correspond to a higher sensitivity to tutor song in young males while they are learning and a retained sensitivity in females because song is a courtship signal that is used throughout life. In addition, throughout development, males vocalized less frequently during presentation of their father’s song compared to unfamiliar song, whereas females emitted more calls to their father’s song. These findings contribute to a deeper understanding of why songbirds acquire and maintain such a robust song memory. © 2021 Fujii et al. This is an open access article distributed under the terms of the Creative Commons Attribution License, which permits unrestricted use, distribution, and reproduction in any medium, provided the original author and source are credited. | SCO_04_DaviesEtAlOriginalRayyanFormatted.csv",Cited by: 9; All Open Access; Gold Open Access; Green Accepted Open Access; Green Open Access,adult; animal experiment; article; controlled study; courtship; developmental stage; father; fema...;Animal; Memory; Sex Characteristics; Vocalization;Animal,NA,NA,Erick,Eduardo
10.1098/rstb.2019.0540,rayyan-471507771,The role of copy-number variation in the reinforcement of sexual isolation between the two European subspecies of the house mouse,2020,8,NA,PHILOSOPHICAL TRANSACTIONS OF THE ROYAL SOCIETY B-BIOLOGICAL SCIENCES,0962-8436,375,1806,NA,"North, Henry L. and Caminade, Pierre and Severac, Dany and Belkhir, Khalid and Smadja, Carole M.",NA,NA,NA,NA,"Reinforcement has the potential to generate strong reproductive isolation through the evolution of barrier traits as a response to selection against maladaptive hybridization, but the genetic changes associated with this process remain largely unexplored. Building upon the increasing evidence for a role of structural variants in adaptation and speciation, we addressed the role of copy-number variation in the reinforcement of sexual isolation evidenced between the two European subspecies of the house mouse. We characterized copy-number divergence between populations of Mus musculus musculus that display assortative mate choice, and those that do not, using whole-genome resequencing data. Updating methods to detect deletions and tandem duplications (collectively: copy-number variants, CNVs) in Pool-Seq data, we developed an analytical pipeline dedicated to identifying genomic regions showing the expected pattern of copy-number displacement under a reinforcement scenario. This strategy allowed us to detect 1824 deletions and seven tandem duplications that showed extreme differences in frequency between behavioural classes across replicate comparisons. A subset of 480 deletions and four tandem duplications were specifically associated with the derived trait of assortative mate choice. These `Choosiness-associated' CNVs occur in hundreds of genes. Consistent with our hypothesis, such genes included olfactory receptors potentially involved in the olfactory-based assortative mate choice in this system as well as one gene, Sp110, that is known to show patterns of differential expression between behavioural classes in an organ used in mate choice-the vomeronasal organ. These results demonstrate that fine-scale structural changes are common and highly variable within species, despite being under-studied, and may be important targets of reinforcing selection in this system and others. This article is part of the theme issue `Towards the completion of speciation: the evolution of reproductive isolation beyond the first barriers'. | WoS_01_JonesDuvalOriginalRayyanFormatted.csv; WoS_03_DaviesEtAlOriginalRayyanFormatted.csv",NA,NA,NA,NA,Erick,Eduardo
10.1111/1365-2435.13735,rayyan-471521482,Social learning by mate-choice copying increases dispersal and reduces local adaptation,2021,NA,NA,Functional Ecology,NA,35,3,705 - 716,"Sapage, Manuel and Varela, Susana A.M. and Kokko, Hanna",https://www.scopus.com/inward/record.uri?eid=2-s2.0-85097611431&doi=10.1111%2F1365-2435.13735&partnerID=40&md5=09d2c92ab73610d49b56230991a16440,NA,NA,NA,"In heterogeneous environments, dispersal may be hampered not only by direct costs, but also because immigrants may be locally maladapted. While maladaptation affects both sexes, this cost may be modulated in females if they express mate preferences that are either adaptive or maladaptive in the new local population. Dispersal costs under local adaptation may be mitigated if it is possible to switch to expressing traits of locally adapted residents. In a sexual selection context, immigrant females may learn to mate with locally favoured males. Mate-choice copying is a type of social learning, where individuals, usually females, update their mating preferences after observing others mate. If it allows immigrant females to switch from maladapted to locally adapted preferences, their dispersal costs are mitigated as mate choice helps them create locally adapted offspring. To study if copying can promote the evolution of dispersal, we created an individual-based model to simulate the coevolution of four traits: copying, dispersal, a trait relevant for local adaptation, and female preference. We contrast two scenarios with copying—either unconditional or conditional such that only dispersers copy—with a control scenario that lacks any copying. We show copying to lead to higher dispersal, especially if copying is conditionally expressed. This leads to an increase in gene flow between patches and, consequently, a decrease in local adaptation and trait-preference correlations. While our study is phrased with female preference as the learned trait, one may generally expect social learning to mitigate dispersal costs, with consequent feedback effects on the spatial dynamics of adaptation. A free Plain Language Summary can be found within the Supporting Information of this article. © 2020 British Ecological Society | SCO_04_DaviesEtAlOriginalRayyanFormatted.csv; WoS_01_JonesDuvalOriginalRayyanFormatted.csv; WoS_03_DaviesEtAlOriginalRayyanFormatted.csv",Cited by: 6; All Open Access; Bronze Open Access; Green Final Open Access; Green Open Access,coevolution; cost analysis; dispersal; gene flow; individual-based model; local adaptation; mate ...,NA,NA,Erick,Eduardo
10.1016/j.neuroimage.2021.117929,rayyan-471521478,Neural profiles of observing acceptance and rejection decisions in human mate choice copying,2021,NA,NA,NeuroImage,NA,233,NA,NA,"Zhuang, Jinying and Xie, Jiajia and Li, Peng and Fan, Mingxia and Bode, Stefan",https://www.scopus.com/inward/record.uri?eid=2-s2.0-85102354321&doi=10.1016%2Fj.neuroimage.2021.117929&partnerID=40&md5=5c232a8488111a8910d09a3649f890a5,NA,NA,NA,"Mate choice copying refers to an agent copying the choice for a potential sexual/romantic partner made by a relevant model and has been observed across many species. This study investigated the neural profiles of two copying strategies in humans – acceptance and rejection copying – using functional magnetic resonance imaging (fMRI). Female participants observed female models accepting, rejecting, or being undecided about (control), males as potential romantic partners before and after rating their own willingness to choose the same males. We found that observing acceptance shifted participants’ own choices towards acceptance, while observing rejection shifted participants’ choices towards rejection. A network of motivation-, conflict- and reinforcement learning related brain regions was activated for observing the models’ decisions. The rostral anterior cingulate gyrus (rACCg) and the caudate in particular were activated more strongly when observing acceptance. Activation in the inferior parietal lobe directly scaled with the magnitude of changes in choices after observing acceptance, while activation in the ACCg also scaled with changes after observing rejection. These findings point to partly dissociable neural profiles for copying strategies that might be linked to different contributions of incentive-driven and vicarious motivation, potentially reflecting the presence or absence of internalised reward experiences. © 2021 | SCO_04_DaviesEtAlOriginalRayyanFormatted.csv; WoS_01_JonesDuvalOriginalRayyanFormatted.csv; WoS_03_DaviesEtAlOriginalRayyanFormatted.csv",Cited by: 3; All Open Access; Gold Open Access; Green Accepted Open Access; Green Open Access,adult; anterior cingulate; article; brain region; controlled study; dissociation; female; functio...;Psychology; Reward; Sexual Partners; Young Adult,NA,NA,Erick,Eduardo
